datetime,adj close,close,high,low,open,volume,symbol,interval
2022-10-12 00:00:00+00:00,25.200000762939453,25.200000762939453,25.3799991607666,25.190000534057617,25.3700008392334,172600.0,RZC,1d
2022-10-13 00:00:00+00:00,25.209999084472656,25.209999084472656,25.31999969482422,25.059999465942383,25.239999771118164,91200.0,RZC,1d
2022-10-14 00:00:00+00:00,25.139999389648438,25.139999389648438,25.389999389648438,25.139999389648438,25.3700008392334,176500.0,RZC,1d
2022-10-17 00:00:00+00:00,25.149999618530273,25.149999618530273,25.360000610351562,25.149999618530273,25.190000534057617,151900.0,RZC,1d
2022-10-18 00:00:00+00:00,25.209999084472656,25.209999084472656,25.389999389648438,25.170000076293945,25.280000686645508,194200.0,RZC,1d
2022-10-19 00:00:00+00:00,25.200000762939453,25.200000762939453,25.690000534057617,25.100000381469727,25.18000030517578,225500.0,RZC,1d
2022-10-20 00:00:00+00:00,25.149999618530273,25.149999618530273,25.229999542236328,25.1200008392334,25.200000762939453,91900.0,RZC,1d
2022-10-21 00:00:00+00:00,25.1299991607666,25.1299991607666,25.209999084472656,25.020000457763672,25.09000015258789,173300.0,RZC,1d
2022-10-24 00:00:00+00:00,25.165000915527344,25.165000915527344,25.25,25.139999389648438,25.149999618530273,85100.0,RZC,1d
2022-10-25 00:00:00+00:00,25.170000076293945,25.170000076293945,25.225000381469727,25.149999618530273,25.209999084472656,185500.0,RZC,1d
2022-10-26 00:00:00+00:00,25.149999618530273,25.149999618530273,25.25,25.149999618530273,25.15999984741211,308300.0,RZC,1d
2022-10-27 00:00:00+00:00,25.200000762939453,25.200000762939453,25.219999313354492,25.1299991607666,25.18000030517578,449300.0,RZC,1d
2022-10-28 00:00:00+00:00,25.290000915527344,25.290000915527344,25.34000015258789,25.209999084472656,25.209999084472656,454900.0,RZC,1d
2022-10-31 00:00:00+00:00,25.329999923706055,25.329999923706055,25.350000381469727,25.200000762939453,25.329999923706055,3893000.0,RZC,1d
2022-11-01 00:00:00+00:00,25.209999084472656,25.209999084472656,25.510000228881836,25.170000076293945,25.399999618530273,53000.0,RZC,1d
2022-11-02 00:00:00+00:00,25.100000381469727,25.100000381469727,25.299999237060547,25.100000381469727,25.100000381469727,39200.0,RZC,1d
2022-11-03 00:00:00+00:00,24.969999313354492,24.969999313354492,25.139999389648438,24.950000762939453,25.049999237060547,175200.0,RZC,1d
2022-11-04 00:00:00+00:00,25.030000686645508,25.030000686645508,25.09000015258789,24.899999618530273,25.09000015258789,149300.0,RZC,1d
2022-11-07 00:00:00+00:00,25.0,25.0,25.1299991607666,24.979999542236328,25.0,103600.0,RZC,1d
2022-11-08 00:00:00+00:00,25.079999923706055,25.079999923706055,25.135000228881836,25.010000228881836,25.059999465942383,89900.0,RZC,1d
2022-11-09 00:00:00+00:00,25.09000015258789,25.09000015258789,25.110000610351562,24.90999984741211,25.09000015258789,88000.0,RZC,1d
2022-11-10 00:00:00+00:00,25.3799991607666,25.3799991607666,25.631999969482422,25.200000762939453,25.209999084472656,54300.0,RZC,1d
2022-11-11 00:00:00+00:00,25.799999237060547,25.799999237060547,26.0,25.520000457763672,25.520000457763672,145600.0,RZC,1d
2022-11-14 00:00:00+00:00,25.329999923706055,25.329999923706055,25.81999969482422,25.315000534057617,25.780000686645508,36900.0,RZC,1d
2022-11-15 00:00:00+00:00,25.5,25.5,26.3799991607666,25.405000686645508,25.479999542236328,261700.0,RZC,1d
2022-11-16 00:00:00+00:00,25.649999618530273,25.649999618530273,25.774999618530273,25.59000015258789,25.639999389648438,75200.0,RZC,1d
2022-11-17 00:00:00+00:00,25.489999771118164,25.489999771118164,25.75,25.43000030517578,25.649999618530273,24300.0,RZC,1d
2022-11-18 00:00:00+00:00,25.549999237060547,25.549999237060547,25.899999618530273,25.459999084472656,25.579999923706055,64500.0,RZC,1d
2022-11-21 00:00:00+00:00,25.700000762939453,25.700000762939453,25.84000015258789,25.610000610351562,25.84000015258789,54700.0,RZC,1d
2022-11-22 00:00:00+00:00,26.110000610351562,26.110000610351562,26.1200008392334,25.690000534057617,25.84000015258789,133300.0,RZC,1d
2022-11-23 00:00:00+00:00,26.190000534057617,26.190000534057617,26.229999542236328,25.950000762939453,25.969999313354492,39600.0,RZC,1d
2022-11-25 00:00:00+00:00,26.280000686645508,26.280000686645508,26.280000686645508,26.010000228881836,26.010000228881836,18600.0,RZC,1d
2022-11-28 00:00:00+00:00,26.299999237060547,26.299999237060547,26.31999969482422,26.152000427246094,26.31999969482422,21600.0,RZC,1d
2022-11-29 00:00:00+00:00,26.239999771118164,26.239999771118164,26.298999786376953,26.100000381469727,26.270000457763672,41300.0,RZC,1d
2022-11-30 00:00:00+00:00,26.219999313354492,26.219999313354492,26.459999084472656,26.030000686645508,26.270000457763672,200700.0,RZC,1d
2022-12-01 00:00:00+00:00,26.510000228881836,26.510000228881836,26.899999618530273,26.329999923706055,26.75,59000.0,RZC,1d
2022-12-02 00:00:00+00:00,26.760000228881836,26.760000228881836,26.93000030517578,26.469999313354492,26.6299991607666,44200.0,RZC,1d
2022-12-05 00:00:00+00:00,26.56999969482422,26.56999969482422,26.84000015258789,26.5,26.760000228881836,407300.0,RZC,1d
2022-12-06 00:00:00+00:00,26.200000762939453,26.200000762939453,26.674999237060547,26.149999618530273,26.674999237060547,33400.0,RZC,1d
2022-12-07 00:00:00+00:00,26.290000915527344,26.290000915527344,26.5,26.209999084472656,26.260000228881836,76300.0,RZC,1d
2022-12-08 00:00:00+00:00,26.440000534057617,26.440000534057617,26.579999923706055,26.3439998626709,26.350000381469727,28100.0,RZC,1d
2022-12-09 00:00:00+00:00,26.290000915527344,26.290000915527344,26.40999984741211,26.200000762939453,26.200000762939453,42000.0,RZC,1d
2022-12-12 00:00:00+00:00,26.229999542236328,26.229999542236328,26.57200050354004,26.200000762939453,26.43000030517578,60400.0,RZC,1d
2022-12-13 00:00:00+00:00,26.559999465942383,26.559999465942383,26.84000015258789,26.450000762939453,26.450000762939453,15600.0,RZC,1d
2022-12-14 00:00:00+00:00,26.420000076293945,26.420000076293945,26.690000534057617,26.34000015258789,26.450000762939453,17900.0,RZC,1d
2022-12-15 00:00:00+00:00,26.040000915527344,26.040000915527344,26.5,26.040000915527344,26.43000030517578,38500.0,RZC,1d
2022-12-16 00:00:00+00:00,25.8700008392334,25.8700008392334,26.170000076293945,25.829999923706055,26.06999969482422,26800.0,RZC,1d
2022-12-19 00:00:00+00:00,26.18000030517578,26.18000030517578,26.280000686645508,25.920000076293945,25.920000076293945,39800.0,RZC,1d
2022-12-20 00:00:00+00:00,26.1299991607666,26.1299991607666,26.389999389648438,26.040000915527344,26.040000915527344,30800.0,RZC,1d
2022-12-21 00:00:00+00:00,26.479999542236328,26.479999542236328,26.520000457763672,26.1299991607666,26.18000030517578,24500.0,RZC,1d
2022-12-22 00:00:00+00:00,26.18000030517578,26.18000030517578,26.360000610351562,25.940000534057617,26.360000610351562,40300.0,RZC,1d
2022-12-23 00:00:00+00:00,26.540000915527344,26.540000915527344,26.540000915527344,25.979999542236328,26.15999984741211,29100.0,RZC,1d
2022-12-27 00:00:00+00:00,26.399999618530273,26.399999618530273,26.399999618530273,26.100000381469727,26.290000915527344,21700.0,RZC,1d
2022-12-28 00:00:00+00:00,26.110000610351562,26.110000610351562,26.31999969482422,26.110000610351562,26.31999969482422,14900.0,RZC,1d
2022-12-29 00:00:00+00:00,25.8799991607666,25.8799991607666,25.899999618530273,25.68000030517578,25.760000228881836,37600.0,RZC,1d
2022-12-30 00:00:00+00:00,25.950000762939453,25.950000762939453,26.079999923706055,25.670000076293945,25.889999389648438,34000.0,RZC,1d
2023-01-03 00:00:00+00:00,25.979999542236328,25.979999542236328,26.489999771118164,25.770000457763672,26.110000610351562,25000.0,RZC,1d
2023-01-04 00:00:00+00:00,26.06999969482422,26.06999969482422,26.40999984741211,25.84000015258789,26.40999984741211,43300.0,RZC,1d
2023-01-05 00:00:00+00:00,25.959999084472656,25.959999084472656,26.239999771118164,25.889999389648438,25.989999771118164,27200.0,RZC,1d
2023-01-06 00:00:00+00:00,26.0,26.0,26.149999618530273,25.8700008392334,26.010000228881836,91500.0,RZC,1d
2023-01-09 00:00:00+00:00,26.06999969482422,26.06999969482422,26.219999313354492,25.950000762939453,26.06999969482422,36200.0,RZC,1d
2023-01-10 00:00:00+00:00,26.040000915527344,26.040000915527344,26.100000381469727,26.020000457763672,26.06999969482422,8800.0,RZC,1d
2023-01-11 00:00:00+00:00,25.68000030517578,25.68000030517578,26.18899917602539,25.540000915527344,26.079999923706055,127000.0,RZC,1d
2023-01-12 00:00:00+00:00,25.850000381469727,25.850000381469727,25.90999984741211,25.770000457763672,25.84000015258789,191600.0,RZC,1d
2023-01-13 00:00:00+00:00,25.93000030517578,25.93000030517578,25.969999313354492,25.770000457763672,25.799999237060547,88100.0,RZC,1d
2023-01-17 00:00:00+00:00,26.020000457763672,26.020000457763672,26.020000457763672,25.92099952697754,25.979999542236328,24800.0,RZC,1d
2023-01-18 00:00:00+00:00,26.079999923706055,26.079999923706055,26.270000457763672,25.8799991607666,26.09000015258789,61400.0,RZC,1d
2023-01-19 00:00:00+00:00,26.110000610351562,26.110000610351562,26.1299991607666,25.90999984741211,26.030000686645508,24300.0,RZC,1d
2023-01-20 00:00:00+00:00,26.0,26.0,26.1299991607666,25.90999984741211,26.1299991607666,67700.0,RZC,1d
2023-01-23 00:00:00+00:00,26.329999923706055,26.329999923706055,26.34000015258789,26.040000915527344,26.040000915527344,45400.0,RZC,1d
2023-01-24 00:00:00+00:00,26.420000076293945,26.420000076293945,26.489999771118164,26.256000518798828,26.256000518798828,34100.0,RZC,1d
2023-01-25 00:00:00+00:00,26.440000534057617,26.440000534057617,26.469999313354492,26.260000228881836,26.350000381469727,24900.0,RZC,1d
2023-01-26 00:00:00+00:00,26.5,26.5,26.600000381469727,26.399999618530273,26.56999969482422,42400.0,RZC,1d
2023-01-27 00:00:00+00:00,26.549999237060547,26.549999237060547,26.584999084472656,26.389999389648438,26.489999771118164,18100.0,RZC,1d
2023-01-30 00:00:00+00:00,26.360000610351562,26.360000610351562,26.639999389648438,26.309999465942383,26.510000228881836,21300.0,RZC,1d
2023-01-31 00:00:00+00:00,26.639999389648438,26.639999389648438,26.780000686645508,26.450000762939453,26.450000762939453,54800.0,RZC,1d
2023-02-01 00:00:00+00:00,26.850000381469727,26.850000381469727,26.850000381469727,26.459999084472656,26.5049991607666,37300.0,RZC,1d
2023-02-02 00:00:00+00:00,26.950000762939453,26.950000762939453,27.1299991607666,26.850000381469727,26.90999984741211,19300.0,RZC,1d
2023-02-03 00:00:00+00:00,26.520000457763672,26.520000457763672,26.799999237060547,26.489999771118164,26.799999237060547,24400.0,RZC,1d
2023-02-06 00:00:00+00:00,26.3700008392334,26.3700008392334,26.492000579833984,26.315000534057617,26.469999313354492,30800.0,RZC,1d
2023-02-07 00:00:00+00:00,26.399999618530273,26.399999618530273,26.459999084472656,26.219999313354492,26.450000762939453,25700.0,RZC,1d
2023-02-08 00:00:00+00:00,26.469999313354492,26.469999313354492,26.530000686645508,26.329999923706055,26.440000534057617,29200.0,RZC,1d
2023-02-09 00:00:00+00:00,26.309999465942383,26.309999465942383,26.68000030517578,26.280000686645508,26.610000610351562,22900.0,RZC,1d
2023-02-10 00:00:00+00:00,26.260000228881836,26.260000228881836,26.420000076293945,26.031999588012695,26.420000076293945,18800.0,RZC,1d
2023-02-13 00:00:00+00:00,26.56999969482422,26.56999969482422,26.729999542236328,26.219999313354492,26.34000015258789,43000.0,RZC,1d
2023-02-14 00:00:00+00:00,26.450000762939453,26.450000762939453,26.709999084472656,26.40999984741211,26.56999969482422,38600.0,RZC,1d
2023-02-15 00:00:00+00:00,26.5,26.5,26.559999465942383,26.420000076293945,26.530000686645508,30100.0,RZC,1d
2023-02-16 00:00:00+00:00,26.34000015258789,26.34000015258789,26.479999542236328,26.329999923706055,26.450000762939453,20000.0,RZC,1d
2023-02-17 00:00:00+00:00,26.31999969482422,26.31999969482422,26.3700008392334,26.17799949645996,26.3700008392334,17500.0,RZC,1d
2023-02-21 00:00:00+00:00,25.8799991607666,25.8799991607666,26.25,25.719999313354492,26.25,32100.0,RZC,1d
2023-02-22 00:00:00+00:00,26.200000762939453,26.200000762939453,26.260000228881836,25.899999618530273,25.989999771118164,37300.0,RZC,1d
2023-02-23 00:00:00+00:00,26.3700008392334,26.3700008392334,26.399999618530273,26.155000686645508,26.309999465942383,22100.0,RZC,1d
2023-02-24 00:00:00+00:00,26.34000015258789,26.34000015258789,26.440000534057617,26.040000915527344,26.270000457763672,19600.0,RZC,1d
2023-02-27 00:00:00+00:00,26.59000015258789,26.59000015258789,26.59000015258789,26.219999313354492,26.479999542236328,21600.0,RZC,1d
2023-02-28 00:00:00+00:00,26.329999923706055,26.329999923706055,26.6299991607666,26.280000686645508,26.6299991607666,57100.0,RZC,1d
2023-03-01 00:00:00+00:00,26.149999618530273,26.149999618530273,26.420000076293945,26.06999969482422,26.420000076293945,22300.0,RZC,1d
2023-03-02 00:00:00+00:00,26.190000534057617,26.190000534057617,26.219999313354492,25.940000534057617,26.049999237060547,235900.0,RZC,1d
2023-03-03 00:00:00+00:00,26.5,26.5,26.600000381469727,26.299999237060547,26.350000381469727,52600.0,RZC,1d
2023-03-06 00:00:00+00:00,26.559999465942383,26.559999465942383,26.649999618530273,26.459999084472656,26.59000015258789,33100.0,RZC,1d
2023-03-07 00:00:00+00:00,26.5,26.5,26.6299991607666,26.40999984741211,26.6299991607666,22700.0,RZC,1d
2023-03-08 00:00:00+00:00,26.59000015258789,26.59000015258789,26.899999618530273,26.56999969482422,26.65999984741211,23500.0,RZC,1d
2023-03-09 00:00:00+00:00,26.40999984741211,26.40999984741211,26.690000534057617,26.139999389648438,26.690000534057617,121700.0,RZC,1d
2023-03-10 00:00:00+00:00,25.959999084472656,25.959999084472656,26.260000228881836,25.670000076293945,26.260000228881836,62800.0,RZC,1d
2023-03-13 00:00:00+00:00,25.809999465942383,25.809999465942383,25.850000381469727,25.030000686645508,25.530000686645508,74300.0,RZC,1d
2023-03-14 00:00:00+00:00,25.940000534057617,25.940000534057617,26.1299991607666,25.790000915527344,25.899999618530273,92300.0,RZC,1d
2023-03-15 00:00:00+00:00,25.770000457763672,25.770000457763672,25.969999313354492,25.65999984741211,25.969999313354492,36300.0,RZC,1d
2023-03-16 00:00:00+00:00,25.93000030517578,25.93000030517578,26.045000076293945,25.75,25.75,116900.0,RZC,1d
2023-03-17 00:00:00+00:00,25.690000534057617,25.690000534057617,25.93000030517578,25.559999465942383,25.860000610351562,23300.0,RZC,1d
2023-03-20 00:00:00+00:00,25.81999969482422,25.81999969482422,26.149999618530273,25.610000610351562,25.829999923706055,24400.0,RZC,1d
2023-03-21 00:00:00+00:00,25.959999084472656,25.959999084472656,26.149999618530273,25.809999465942383,25.90999984741211,117000.0,RZC,1d
2023-03-22 00:00:00+00:00,25.979999542236328,25.979999542236328,26.170000076293945,25.93000030517578,26.079999923706055,113800.0,RZC,1d
2023-03-23 00:00:00+00:00,25.979999542236328,25.979999542236328,26.260000228881836,25.959999084472656,26.0,86900.0,RZC,1d
2023-03-24 00:00:00+00:00,25.969999313354492,25.969999313354492,26.280000686645508,25.959999084472656,26.0,70500.0,RZC,1d
2023-03-27 00:00:00+00:00,26.469999313354492,26.469999313354492,26.56999969482422,26.011999130249023,26.139999389648438,80000.0,RZC,1d
2023-03-28 00:00:00+00:00,26.440000534057617,26.440000534057617,26.6200008392334,26.354999542236328,26.530000686645508,134200.0,RZC,1d
2023-03-29 00:00:00+00:00,26.350000381469727,26.350000381469727,26.524999618530273,26.290000915527344,26.350000381469727,86800.0,RZC,1d
2023-03-30 00:00:00+00:00,26.030000686645508,26.030000686645508,26.31999969482422,25.959999084472656,26.170000076293945,214100.0,RZC,1d
2023-03-31 00:00:00+00:00,26.299999237060547,26.299999237060547,26.299999237060547,25.940000534057617,26.049999237060547,1435100.0,RZC,1d
2023-04-03 00:00:00+00:00,26.239999771118164,26.239999771118164,26.360000610351562,26.149999618530273,26.25,94800.0,RZC,1d
2023-04-04 00:00:00+00:00,26.280000686645508,26.280000686645508,26.360000610351562,26.18000030517578,26.360000610351562,67400.0,RZC,1d
2023-04-05 00:00:00+00:00,26.229999542236328,26.229999542236328,26.290000915527344,26.104999542236328,26.290000915527344,25400.0,RZC,1d
2023-04-06 00:00:00+00:00,26.229999542236328,26.229999542236328,26.31999969482422,26.160999298095703,26.239999771118164,47900.0,RZC,1d
2023-04-10 00:00:00+00:00,26.229999542236328,26.229999542236328,26.339000701904297,26.219999313354492,26.270000457763672,45600.0,RZC,1d
2023-04-11 00:00:00+00:00,26.219999313354492,26.219999313354492,26.440000534057617,26.149999618530273,26.280000686645508,69600.0,RZC,1d
2023-04-12 00:00:00+00:00,26.3799991607666,26.3799991607666,26.43000030517578,26.25,26.260000228881836,55300.0,RZC,1d
2023-04-13 00:00:00+00:00,26.440000534057617,26.440000534057617,26.510000228881836,26.325000762939453,26.43000030517578,34600.0,RZC,1d
2023-04-14 00:00:00+00:00,26.350000381469727,26.350000381469727,26.459999084472656,26.219999313354492,26.459999084472656,37600.0,RZC,1d
2023-04-17 00:00:00+00:00,26.260000228881836,26.260000228881836,26.459999084472656,26.229999542236328,26.420000076293945,28800.0,RZC,1d
2023-04-18 00:00:00+00:00,26.309999465942383,26.309999465942383,26.440000534057617,26.299999237060547,26.40999984741211,25800.0,RZC,1d
2023-04-19 00:00:00+00:00,26.280000686645508,26.280000686645508,26.3799991607666,26.209999084472656,26.3799991607666,26700.0,RZC,1d
2023-04-20 00:00:00+00:00,26.299999237060547,26.299999237060547,26.413999557495117,26.209999084472656,26.360000610351562,20200.0,RZC,1d
2023-04-21 00:00:00+00:00,26.280000686645508,26.280000686645508,26.44499969482422,26.219999313354492,26.389999389648438,31600.0,RZC,1d
2023-04-24 00:00:00+00:00,26.239999771118164,26.239999771118164,26.299999237060547,26.200000762939453,26.299999237060547,13500.0,RZC,1d
2023-04-25 00:00:00+00:00,26.229999542236328,26.229999542236328,26.309999465942383,26.136999130249023,26.309999465942383,16100.0,RZC,1d
2023-04-26 00:00:00+00:00,26.139999389648438,26.139999389648438,26.420000076293945,26.079999923706055,26.31999969482422,40300.0,RZC,1d
2023-04-27 00:00:00+00:00,26.229999542236328,26.229999542236328,26.399999618530273,26.190000534057617,26.270000457763672,58900.0,RZC,1d
2023-04-28 00:00:00+00:00,26.25,26.25,26.450000762939453,26.25,26.25,303400.0,RZC,1d
2023-05-01 00:00:00+00:00,26.170000076293945,26.170000076293945,26.309999465942383,26.059999465942383,26.309999465942383,20500.0,RZC,1d
2023-05-02 00:00:00+00:00,26.06999969482422,26.06999969482422,26.190000534057617,25.760000228881836,26.190000534057617,34900.0,RZC,1d
2023-05-03 00:00:00+00:00,25.639999389648438,25.639999389648438,26.1299991607666,25.56999969482422,26.09000015258789,23100.0,RZC,1d
2023-05-04 00:00:00+00:00,25.43000030517578,25.43000030517578,25.770000457763672,25.229999542236328,25.770000457763672,34600.0,RZC,1d
2023-05-05 00:00:00+00:00,25.81999969482422,25.81999969482422,26.290000915527344,25.731000900268555,25.850000381469727,16100.0,RZC,1d
2023-05-08 00:00:00+00:00,25.719999313354492,25.719999313354492,25.969999313354492,25.524999618530273,25.969999313354492,41700.0,RZC,1d
2023-05-09 00:00:00+00:00,25.639999389648438,25.639999389648438,25.75,25.489999771118164,25.719999313354492,19200.0,RZC,1d
2023-05-10 00:00:00+00:00,25.6299991607666,25.6299991607666,25.825000762939453,25.51099967956543,25.780000686645508,33200.0,RZC,1d
2023-05-11 00:00:00+00:00,25.56999969482422,25.56999969482422,25.649999618530273,25.5,25.649999618530273,14100.0,RZC,1d
2023-05-12 00:00:00+00:00,25.649999618530273,25.649999618530273,25.770000457763672,25.579999923706055,25.68000030517578,22200.0,RZC,1d
2023-05-15 00:00:00+00:00,25.649999618530273,25.649999618530273,25.81999969482422,25.579999923706055,25.75,41500.0,RZC,1d
2023-05-16 00:00:00+00:00,25.530000686645508,25.530000686645508,25.780000686645508,25.479999542236328,25.6299991607666,20500.0,RZC,1d
2023-05-17 00:00:00+00:00,25.600000381469727,25.600000381469727,25.799999237060547,25.549999237060547,25.600000381469727,91600.0,RZC,1d
2023-05-18 00:00:00+00:00,25.559999465942383,25.559999465942383,25.700000762939453,25.440000534057617,25.600000381469727,60400.0,RZC,1d
2023-05-19 00:00:00+00:00,25.510000228881836,25.510000228881836,25.6299991607666,25.459999084472656,25.559999465942383,21900.0,RZC,1d
2023-05-22 00:00:00+00:00,25.56999969482422,25.56999969482422,25.6200008392334,25.5,25.559999465942383,22600.0,RZC,1d
2023-05-23 00:00:00+00:00,25.540000915527344,25.540000915527344,25.625,25.514999389648438,25.549999237060547,33500.0,RZC,1d
2023-05-24 00:00:00+00:00,25.549999237060547,25.549999237060547,25.6200008392334,25.510000228881836,25.549999237060547,72700.0,RZC,1d
2023-05-25 00:00:00+00:00,25.520000457763672,25.520000457763672,25.610000610351562,25.500999450683594,25.600000381469727,15200.0,RZC,1d
2023-05-26 00:00:00+00:00,25.56999969482422,25.56999969482422,25.639999389648438,25.510000228881836,25.559999465942383,60100.0,RZC,1d
2023-05-30 00:00:00+00:00,25.579999923706055,25.579999923706055,25.65999984741211,25.559999465942383,25.600000381469727,54100.0,RZC,1d
2023-05-31 00:00:00+00:00,25.610000610351562,25.610000610351562,25.683000564575195,25.520000457763672,25.600000381469727,317600.0,RZC,1d
2023-06-01 00:00:00+00:00,25.579999923706055,25.579999923706055,25.809999465942383,25.559999465942383,25.649999618530273,188000.0,RZC,1d
2023-06-02 00:00:00+00:00,25.6299991607666,25.6299991607666,25.719999313354492,25.56999969482422,25.6200008392334,287600.0,RZC,1d
2023-06-05 00:00:00+00:00,25.559999465942383,25.559999465942383,25.65999984741211,25.520000457763672,25.65999984741211,45900.0,RZC,1d
2023-06-06 00:00:00+00:00,25.639999389648438,25.639999389648438,25.649999618530273,25.559999465942383,25.59000015258789,37400.0,RZC,1d
2023-06-07 00:00:00+00:00,25.739999771118164,25.739999771118164,25.850000381469727,25.6200008392334,25.670000076293945,233700.0,RZC,1d
2023-06-08 00:00:00+00:00,25.81999969482422,25.81999969482422,25.920000076293945,25.739999771118164,25.760000228881836,50800.0,RZC,1d
2023-06-09 00:00:00+00:00,25.799999237060547,25.799999237060547,25.959999084472656,25.78499984741211,25.889999389648438,43200.0,RZC,1d
2023-06-12 00:00:00+00:00,25.760000228881836,25.760000228881836,25.868999481201172,25.68000030517578,25.84000015258789,33200.0,RZC,1d
2023-06-13 00:00:00+00:00,25.770000457763672,25.770000457763672,25.850000381469727,25.719999313354492,25.850000381469727,44000.0,RZC,1d
2023-06-14 00:00:00+00:00,25.639999389648438,25.639999389648438,25.809999465942383,25.59000015258789,25.799999237060547,59200.0,RZC,1d
2023-06-15 00:00:00+00:00,25.709999084472656,25.709999084472656,25.739999771118164,25.6200008392334,25.639999389648438,33400.0,RZC,1d
2023-06-16 00:00:00+00:00,25.639999389648438,25.639999389648438,25.790000915527344,25.610000610351562,25.719999313354492,32700.0,RZC,1d
2023-06-20 00:00:00+00:00,25.600000381469727,25.600000381469727,25.700000762939453,25.56999969482422,25.68000030517578,34400.0,RZC,1d
2023-06-21 00:00:00+00:00,25.649999618530273,25.649999618530273,25.690000534057617,25.530000686645508,25.59000015258789,51200.0,RZC,1d
2023-06-22 00:00:00+00:00,25.65999984741211,25.65999984741211,25.670000076293945,25.57200050354004,25.649999618530273,37700.0,RZC,1d
2023-06-23 00:00:00+00:00,25.709999084472656,25.709999084472656,25.770000457763672,25.610000610351562,25.639999389648438,45500.0,RZC,1d
2023-06-26 00:00:00+00:00,25.75,25.75,25.84000015258789,25.729999542236328,25.770000457763672,39400.0,RZC,1d
2023-06-27 00:00:00+00:00,25.790000915527344,25.790000915527344,25.81999969482422,25.75,25.770000457763672,31500.0,RZC,1d
2023-06-28 00:00:00+00:00,25.81999969482422,25.81999969482422,25.8700008392334,25.780000686645508,25.84000015258789,52000.0,RZC,1d
2023-06-29 00:00:00+00:00,25.40999984741211,25.40999984741211,25.479999542236328,25.350000381469727,25.479999542236328,37200.0,RZC,1d
2023-06-30 00:00:00+00:00,25.459999084472656,25.459999084472656,25.610000610351562,25.40999984741211,25.489999771118164,101500.0,RZC,1d
2023-07-03 00:00:00+00:00,25.549999237060547,25.549999237060547,25.559999465942383,25.469999313354492,25.530000686645508,15500.0,RZC,1d
2023-07-05 00:00:00+00:00,25.549999237060547,25.549999237060547,25.6299991607666,25.489999771118164,25.540000915527344,33000.0,RZC,1d
2023-07-06 00:00:00+00:00,25.389999389648438,25.389999389648438,25.489999771118164,25.299999237060547,25.479999542236328,57300.0,RZC,1d
2023-07-07 00:00:00+00:00,25.43000030517578,25.43000030517578,25.469999313354492,25.360000610351562,25.360000610351562,26300.0,RZC,1d
2023-07-10 00:00:00+00:00,25.540000915527344,25.540000915527344,25.540000915527344,25.450000762939453,25.450000762939453,21300.0,RZC,1d
2023-07-11 00:00:00+00:00,25.59000015258789,25.59000015258789,25.625,25.450000762939453,25.549999237060547,31800.0,RZC,1d
2023-07-12 00:00:00+00:00,25.690000534057617,25.690000534057617,25.735000610351562,25.618000030517578,25.670000076293945,18200.0,RZC,1d
2023-07-13 00:00:00+00:00,25.790000915527344,25.790000915527344,25.790000915527344,25.700000762939453,25.700000762939453,38800.0,RZC,1d
2023-07-14 00:00:00+00:00,25.719999313354492,25.719999313354492,25.84000015258789,25.65999984741211,25.84000015258789,18800.0,RZC,1d
2023-07-17 00:00:00+00:00,25.639999389648438,25.639999389648438,25.739999771118164,25.59000015258789,25.729999542236328,17000.0,RZC,1d
2023-07-18 00:00:00+00:00,25.709999084472656,25.709999084472656,25.75,25.540000915527344,25.700000762939453,15100.0,RZC,1d
2023-07-19 00:00:00+00:00,25.760000228881836,25.760000228881836,25.799999237060547,25.700000762939453,25.780000686645508,18400.0,RZC,1d
2023-07-20 00:00:00+00:00,25.729999542236328,25.729999542236328,25.760000228881836,25.611000061035156,25.760000228881836,25500.0,RZC,1d
2023-07-21 00:00:00+00:00,25.729999542236328,25.729999542236328,25.790000915527344,25.65999984741211,25.790000915527344,17600.0,RZC,1d
2023-07-24 00:00:00+00:00,25.68000030517578,25.68000030517578,25.770000457763672,25.6299991607666,25.760000228881836,24200.0,RZC,1d
2023-07-25 00:00:00+00:00,25.65999984741211,25.65999984741211,25.709999084472656,25.639999389648438,25.690000534057617,17200.0,RZC,1d
2023-07-26 00:00:00+00:00,25.719999313354492,25.719999313354492,25.81999969482422,25.690000534057617,25.719999313354492,28900.0,RZC,1d
2023-07-27 00:00:00+00:00,25.6200008392334,25.6200008392334,25.770000457763672,25.540000915527344,25.760000228881836,38300.0,RZC,1d
2023-07-28 00:00:00+00:00,25.559999465942383,25.559999465942383,25.729999542236328,25.459999084472656,25.670000076293945,28800.0,RZC,1d
2023-07-31 00:00:00+00:00,25.739999771118164,25.739999771118164,25.770000457763672,25.610000610351562,25.6299991607666,59500.0,RZC,1d
2023-08-01 00:00:00+00:00,25.649999618530273,25.649999618530273,25.739999771118164,25.6299991607666,25.639999389648438,12900.0,RZC,1d
2023-08-02 00:00:00+00:00,25.540000915527344,25.540000915527344,25.65999984741211,25.5,25.600000381469727,27400.0,RZC,1d
2023-08-03 00:00:00+00:00,25.489999771118164,25.489999771118164,25.59000015258789,25.360000610351562,25.5,15300.0,RZC,1d
2023-08-04 00:00:00+00:00,25.559999465942383,25.559999465942383,25.729999542236328,25.530000686645508,25.549999237060547,26900.0,RZC,1d
2023-08-07 00:00:00+00:00,25.700000762939453,25.700000762939453,25.729999542236328,25.549999237060547,25.670000076293945,21900.0,RZC,1d
2023-08-08 00:00:00+00:00,25.709999084472656,25.709999084472656,25.709999084472656,25.610000610351562,25.690000534057617,13000.0,RZC,1d
2023-08-09 00:00:00+00:00,25.6299991607666,25.6299991607666,25.700000762939453,25.60099983215332,25.700000762939453,10000.0,RZC,1d
2023-08-10 00:00:00+00:00,25.639999389648438,25.639999389648438,25.770000457763672,25.559999465942383,25.770000457763672,25700.0,RZC,1d
2023-08-11 00:00:00+00:00,25.700000762939453,25.700000762939453,25.770000457763672,25.614999771118164,25.700000762939453,15200.0,RZC,1d
2023-08-14 00:00:00+00:00,25.760000228881836,25.760000228881836,25.760000228881836,25.70199966430664,25.75,10600.0,RZC,1d
2023-08-15 00:00:00+00:00,25.549999237060547,25.549999237060547,25.760000228881836,25.549999237060547,25.760000228881836,14200.0,RZC,1d
2023-08-16 00:00:00+00:00,25.450000762939453,25.450000762939453,25.69499969482422,25.420000076293945,25.639999389648438,33800.0,RZC,1d
2023-08-17 00:00:00+00:00,25.489999771118164,25.489999771118164,25.520000457763672,25.360000610351562,25.520000457763672,22600.0,RZC,1d
2023-08-18 00:00:00+00:00,25.540000915527344,25.540000915527344,25.579999923706055,25.424999237060547,25.479999542236328,15100.0,RZC,1d
2023-08-21 00:00:00+00:00,25.510000228881836,25.510000228881836,25.559999465942383,25.5,25.559999465942383,17700.0,RZC,1d
2023-08-22 00:00:00+00:00,25.549999237060547,25.549999237060547,25.65999984741211,25.510000228881836,25.59000015258789,48900.0,RZC,1d
2023-08-23 00:00:00+00:00,25.700000762939453,25.700000762939453,25.770000457763672,25.549999237060547,25.549999237060547,54800.0,RZC,1d
2023-08-24 00:00:00+00:00,25.6299991607666,25.6299991607666,25.75,25.59000015258789,25.739999771118164,27400.0,RZC,1d
2023-08-25 00:00:00+00:00,25.75,25.75,25.770000457763672,25.600000381469727,25.739999771118164,13500.0,RZC,1d
2023-08-28 00:00:00+00:00,25.850000381469727,25.850000381469727,25.860000610351562,25.639999389648438,25.760000228881836,34400.0,RZC,1d
2023-08-29 00:00:00+00:00,26.139999389648438,26.139999389648438,26.139999389648438,25.780000686645508,25.81999969482422,87900.0,RZC,1d
2023-08-30 00:00:00+00:00,26.239999771118164,26.239999771118164,26.260000228881836,26.010000228881836,26.139999389648438,59500.0,RZC,1d
2023-08-31 00:00:00+00:00,26.0,26.0,29.200000762939453,26.0,26.280000686645508,877600.0,RZC,1d
2023-09-01 00:00:00+00:00,25.989999771118164,25.989999771118164,26.09000015258789,25.959999084472656,26.09000015258789,11800.0,RZC,1d
2023-09-05 00:00:00+00:00,25.850000381469727,25.850000381469727,26.049999237060547,25.850000381469727,26.049999237060547,16200.0,RZC,1d
2023-09-06 00:00:00+00:00,26.079999923706055,26.079999923706055,26.110000610351562,25.895000457763672,25.969999313354492,27200.0,RZC,1d
2023-09-07 00:00:00+00:00,25.899999618530273,25.899999618530273,26.09000015258789,25.899999618530273,26.059999465942383,23900.0,RZC,1d
2023-09-08 00:00:00+00:00,26.010000228881836,26.010000228881836,26.089000701904297,26.0,26.0,10700.0,RZC,1d
2023-09-11 00:00:00+00:00,25.979999542236328,25.979999542236328,26.079999923706055,25.90999984741211,26.079999923706055,14000.0,RZC,1d
2023-09-12 00:00:00+00:00,26.0,26.0,26.06999969482422,25.941999435424805,26.040000915527344,17200.0,RZC,1d
2023-09-13 00:00:00+00:00,26.040000915527344,26.040000915527344,26.149999618530273,25.969999313354492,26.030000686645508,38200.0,RZC,1d
2023-09-14 00:00:00+00:00,25.969999313354492,25.969999313354492,26.149999618530273,25.934999465942383,26.139999389648438,17500.0,RZC,1d
2023-09-15 00:00:00+00:00,26.209999084472656,26.209999084472656,26.329999923706055,25.950000762939453,26.049999237060547,51800.0,RZC,1d
2023-09-18 00:00:00+00:00,26.21500015258789,26.21500015258789,26.334999084472656,26.1299991607666,26.229999542236328,19200.0,RZC,1d
2023-09-19 00:00:00+00:00,26.010000228881836,26.010000228881836,26.25,26.010000228881836,26.239999771118164,72900.0,RZC,1d
2023-09-20 00:00:00+00:00,25.989999771118164,25.989999771118164,26.1299991607666,25.951000213623047,26.06999969482422,54900.0,RZC,1d
2023-09-21 00:00:00+00:00,25.799999237060547,25.799999237060547,25.950000762939453,25.780000686645508,25.940000534057617,22300.0,RZC,1d
2023-09-22 00:00:00+00:00,25.979999542236328,25.979999542236328,26.114999771118164,25.93000030517578,25.93000030517578,22000.0,RZC,1d
2023-09-25 00:00:00+00:00,25.950000762939453,25.950000762939453,25.969999313354492,25.860000610351562,25.959999084472656,25900.0,RZC,1d
2023-09-26 00:00:00+00:00,25.969999313354492,25.969999313354492,25.969999313354492,25.8700008392334,25.959999084472656,54100.0,RZC,1d
2023-09-27 00:00:00+00:00,26.209999084472656,26.209999084472656,26.209999084472656,25.975000381469727,26.100000381469727,46900.0,RZC,1d
2023-09-28 00:00:00+00:00,25.940000534057617,25.940000534057617,25.969999313354492,25.68000030517578,25.760000228881836,46400.0,RZC,1d
2023-09-29 00:00:00+00:00,26.139999389648438,26.139999389648438,26.229999542236328,25.780000686645508,26.040000915527344,298000.0,RZC,1d
2023-10-02 00:00:00+00:00,26.1200008392334,26.1200008392334,26.170000076293945,25.709999084472656,26.100000381469727,50000.0,RZC,1d
2023-10-03 00:00:00+00:00,25.81999969482422,25.81999969482422,26.09000015258789,25.56999969482422,26.09000015258789,53000.0,RZC,1d
2023-10-04 00:00:00+00:00,25.68000030517578,25.68000030517578,25.920000076293945,25.6200008392334,25.920000076293945,28400.0,RZC,1d
2023-10-05 00:00:00+00:00,25.670000076293945,25.670000076293945,25.829999923706055,25.510000228881836,25.829999923706055,29600.0,RZC,1d
2023-10-06 00:00:00+00:00,25.520000457763672,25.520000457763672,25.625,25.10300064086914,25.610000610351562,24000.0,RZC,1d
2023-10-09 00:00:00+00:00,25.700000762939453,25.700000762939453,25.790000915527344,25.489999771118164,25.540000915527344,8500.0,RZC,1d
2023-10-10 00:00:00+00:00,25.889999389648438,25.889999389648438,26.06999969482422,25.735000610351562,25.780000686645508,23600.0,RZC,1d
2023-10-11 00:00:00+00:00,25.81999969482422,25.81999969482422,26.079999923706055,25.770000457763672,26.030000686645508,26300.0,RZC,1d
2023-10-12 00:00:00+00:00,25.719999313354492,25.719999313354492,25.93000030517578,25.69300079345703,25.93000030517578,6400.0,RZC,1d
2023-10-13 00:00:00+00:00,25.59000015258789,25.59000015258789,25.899999618530273,25.469999313354492,25.899999618530273,22000.0,RZC,1d
2023-10-16 00:00:00+00:00,25.549999237060547,25.549999237060547,25.68000030517578,25.420000076293945,25.68000030517578,20600.0,RZC,1d
2023-10-17 00:00:00+00:00,25.3799991607666,25.3799991607666,25.46299934387207,25.309999465942383,25.450000762939453,26400.0,RZC,1d
2023-10-18 00:00:00+00:00,25.270000457763672,25.270000457763672,25.3799991607666,25.190000534057617,25.329999923706055,32300.0,RZC,1d
2023-10-19 00:00:00+00:00,25.344999313354492,25.344999313354492,25.450000762939453,25.299999237060547,25.299999237060547,29500.0,RZC,1d
2023-10-20 00:00:00+00:00,25.489999771118164,25.489999771118164,25.59000015258789,25.219999313354492,25.420000076293945,12900.0,RZC,1d
2023-10-23 00:00:00+00:00,25.489999771118164,25.489999771118164,25.610000610351562,25.350000381469727,25.549999237060547,18300.0,RZC,1d
2023-10-24 00:00:00+00:00,25.5,25.5,25.6200008392334,25.489999771118164,25.540000915527344,104000.0,RZC,1d
2023-10-25 00:00:00+00:00,25.5,25.5,25.600000381469727,25.420000076293945,25.5,24800.0,RZC,1d
2023-10-26 00:00:00+00:00,25.299999237060547,25.299999237060547,25.56999969482422,25.299999237060547,25.56999969482422,57300.0,RZC,1d
2023-10-27 00:00:00+00:00,25.170000076293945,25.170000076293945,25.450000762939453,25.110000610351562,25.31999969482422,30500.0,RZC,1d
2023-10-30 00:00:00+00:00,25.3799991607666,25.3799991607666,25.389999389648438,25.219999313354492,25.229999542236328,19100.0,RZC,1d
2023-10-31 00:00:00+00:00,25.5,25.5,25.600000381469727,25.280000686645508,25.469999313354492,373500.0,RZC,1d
2023-11-01 00:00:00+00:00,25.6299991607666,25.6299991607666,25.760000228881836,25.360000610351562,25.549999237060547,232900.0,RZC,1d
2023-11-02 00:00:00+00:00,25.850000381469727,25.850000381469727,26.0,25.700000762939453,25.780000686645508,177500.0,RZC,1d
2023-11-03 00:00:00+00:00,25.940000534057617,25.940000534057617,26.110000610351562,25.81999969482422,26.0,36000.0,RZC,1d
2023-11-06 00:00:00+00:00,25.989999771118164,25.989999771118164,26.110000610351562,25.940000534057617,26.049999237060547,14700.0,RZC,1d
2023-11-07 00:00:00+00:00,26.049999237060547,26.049999237060547,26.18000030517578,25.979999542236328,26.079999923706055,23500.0,RZC,1d
2023-11-08 00:00:00+00:00,26.040000915527344,26.040000915527344,26.1200008392334,25.864999771118164,26.1200008392334,13000.0,RZC,1d
2023-11-09 00:00:00+00:00,26.020000457763672,26.020000457763672,26.06999969482422,25.90999984741211,26.06999969482422,148200.0,RZC,1d
2023-11-10 00:00:00+00:00,26.049999237060547,26.049999237060547,26.100000381469727,25.959999084472656,26.100000381469727,479700.0,RZC,1d
2023-11-13 00:00:00+00:00,26.209999084472656,26.209999084472656,26.25,26.010000228881836,26.09000015258789,58900.0,RZC,1d
2023-11-14 00:00:00+00:00,26.520000457763672,26.520000457763672,26.709999084472656,26.334999084472656,26.450000762939453,38800.0,RZC,1d
2023-11-15 00:00:00+00:00,26.5,26.5,26.530000686645508,26.40399932861328,26.520000457763672,104900.0,RZC,1d
2023-11-16 00:00:00+00:00,26.600000381469727,26.600000381469727,26.709999084472656,26.440000534057617,26.549999237060547,23700.0,RZC,1d
2023-11-17 00:00:00+00:00,26.610000610351562,26.610000610351562,26.649999618530273,26.520000457763672,26.610000610351562,25200.0,RZC,1d
2023-11-20 00:00:00+00:00,26.530000686645508,26.530000686645508,26.600000381469727,26.440000534057617,26.600000381469727,39400.0,RZC,1d
2023-11-21 00:00:00+00:00,26.219999313354492,26.219999313354492,26.6299991607666,26.200000762939453,26.56999969482422,47400.0,RZC,1d
2023-11-22 00:00:00+00:00,26.18000030517578,26.18000030517578,26.450000762939453,26.1299991607666,26.290000915527344,23600.0,RZC,1d
2023-11-24 00:00:00+00:00,26.329999923706055,26.329999923706055,26.350000381469727,26.1299991607666,26.260000228881836,11700.0,RZC,1d
2023-11-27 00:00:00+00:00,26.440000534057617,26.440000534057617,26.610000610351562,26.25,26.290000915527344,63800.0,RZC,1d
2023-11-28 00:00:00+00:00,26.530000686645508,26.530000686645508,26.6200008392334,26.40999984741211,26.469999313354492,110200.0,RZC,1d
2023-11-29 00:00:00+00:00,26.5,26.5,26.614999771118164,26.389999389648438,26.56999969482422,118500.0,RZC,1d
2023-11-30 00:00:00+00:00,26.170000076293945,26.170000076293945,26.559999465942383,26.149999618530273,26.559999465942383,227400.0,RZC,1d
2023-12-01 00:00:00+00:00,26.329999923706055,26.329999923706055,26.350000381469727,26.190000534057617,26.229999542236328,19900.0,RZC,1d
2023-12-04 00:00:00+00:00,26.18000030517578,26.18000030517578,26.350000381469727,26.010000228881836,26.260000228881836,27500.0,RZC,1d
2023-12-05 00:00:00+00:00,26.149999618530273,26.149999618530273,26.33799934387207,26.139999389648438,26.149999618530273,17900.0,RZC,1d
2023-12-06 00:00:00+00:00,26.110000610351562,26.110000610351562,26.25,26.010000228881836,26.25,46000.0,RZC,1d
2023-12-07 00:00:00+00:00,26.1200008392334,26.1200008392334,26.209999084472656,26.079999923706055,26.170000076293945,22500.0,RZC,1d
2023-12-08 00:00:00+00:00,26.15999984741211,26.15999984741211,26.15999984741211,25.950000762939453,26.110000610351562,79000.0,RZC,1d
2023-12-11 00:00:00+00:00,26.010000228881836,26.010000228881836,26.149999618530273,25.969999313354492,26.149999618530273,25300.0,RZC,1d
2023-12-12 00:00:00+00:00,25.90999984741211,25.90999984741211,26.06999969482422,25.8799991607666,26.049999237060547,39600.0,RZC,1d
2023-12-13 00:00:00+00:00,26.049999237060547,26.049999237060547,26.280000686645508,25.940000534057617,26.020000457763672,165400.0,RZC,1d
2023-12-14 00:00:00+00:00,26.350000381469727,26.350000381469727,26.420000076293945,26.139999389648438,26.209999084472656,28000.0,RZC,1d
2023-12-15 00:00:00+00:00,26.200000762939453,26.200000762939453,26.510000228881836,26.100000381469727,26.420000076293945,32800.0,RZC,1d
2023-12-18 00:00:00+00:00,26.25,26.25,26.344999313354492,26.139999389648438,26.329999923706055,54400.0,RZC,1d
2023-12-19 00:00:00+00:00,26.280000686645508,26.280000686645508,26.420000076293945,26.25,26.3700008392334,35800.0,RZC,1d
2023-12-20 00:00:00+00:00,26.209999084472656,26.209999084472656,26.440000534057617,26.1200008392334,26.389999389648438,116000.0,RZC,1d
2023-12-21 00:00:00+00:00,26.170000076293945,26.170000076293945,26.360000610351562,26.139999389648438,26.350000381469727,32600.0,RZC,1d
2023-12-22 00:00:00+00:00,26.15999984741211,26.15999984741211,26.360000610351562,26.149999618530273,26.270000457763672,99800.0,RZC,1d
2023-12-26 00:00:00+00:00,26.170000076293945,26.170000076293945,26.290000915527344,26.15999984741211,26.239999771118164,43700.0,RZC,1d
2023-12-27 00:00:00+00:00,26.190000534057617,26.190000534057617,26.309999465942383,26.149999618530273,26.219999313354492,75000.0,RZC,1d
2023-12-28 00:00:00+00:00,25.969999313354492,25.969999313354492,26.030000686645508,25.8799991607666,25.940000534057617,39400.0,RZC,1d
2023-12-29 00:00:00+00:00,26.079999923706055,26.079999923706055,26.100000381469727,25.799999237060547,25.979999542236328,180000.0,RZC,1d
2024-01-02 00:00:00+00:00,25.940000534057617,25.940000534057617,26.030000686645508,25.920000076293945,26.010000228881836,66200.0,RZC,1d
2024-01-03 00:00:00+00:00,26.1299991607666,26.1299991607666,26.25,25.899999618530273,25.920000076293945,87100.0,RZC,1d
2024-01-04 00:00:00+00:00,26.209999084472656,26.209999084472656,26.280000686645508,26.040000915527344,26.040000915527344,13500.0,RZC,1d
2024-01-05 00:00:00+00:00,26.299999237060547,26.299999237060547,26.31999969482422,26.200000762939453,26.280000686645508,28200.0,RZC,1d
2024-01-08 00:00:00+00:00,26.190000534057617,26.190000534057617,26.309999465942383,26.139999389648438,26.309999465942383,30600.0,RZC,1d
2024-01-09 00:00:00+00:00,26.1299991607666,26.1299991607666,26.239999771118164,26.100000381469727,26.209999084472656,59600.0,RZC,1d
2024-01-10 00:00:00+00:00,26.149999618530273,26.149999618530273,26.309999465942383,26.076000213623047,26.09000015258789,88700.0,RZC,1d
2024-01-11 00:00:00+00:00,26.18000030517578,26.18000030517578,26.190000534057617,26.079999923706055,26.149999618530273,47600.0,RZC,1d
2024-01-12 00:00:00+00:00,26.229999542236328,26.229999542236328,26.290000915527344,26.15999984741211,26.200000762939453,13400.0,RZC,1d
2024-01-16 00:00:00+00:00,26.219999313354492,26.219999313354492,26.25200080871582,26.170000076293945,26.25,39200.0,RZC,1d
2024-01-17 00:00:00+00:00,26.270000457763672,26.270000457763672,26.299999237060547,26.1200008392334,26.219999313354492,25900.0,RZC,1d
2024-01-18 00:00:00+00:00,26.280000686645508,26.280000686645508,26.360000610351562,26.200000762939453,26.360000610351562,43300.0,RZC,1d
2024-01-19 00:00:00+00:00,26.420000076293945,26.420000076293945,26.469999313354492,26.219999313354492,26.3700008392334,24300.0,RZC,1d
2024-01-22 00:00:00+00:00,26.40999984741211,26.40999984741211,26.469999313354492,26.33300018310547,26.43000030517578,28400.0,RZC,1d
2024-01-23 00:00:00+00:00,26.43000030517578,26.43000030517578,26.437999725341797,26.34000015258789,26.399999618530273,15700.0,RZC,1d
2024-01-24 00:00:00+00:00,26.360000610351562,26.360000610351562,26.579999923706055,26.299999237060547,26.579999923706055,32100.0,RZC,1d
2024-01-25 00:00:00+00:00,26.43000030517578,26.43000030517578,26.489999771118164,26.299999237060547,26.420000076293945,43200.0,RZC,1d
2024-01-26 00:00:00+00:00,26.43000030517578,26.43000030517578,26.5,26.389999389648438,26.5,45900.0,RZC,1d
2024-01-29 00:00:00+00:00,26.450000762939453,26.450000762939453,26.559999465942383,26.3700008392334,26.489999771118164,22100.0,RZC,1d
2024-01-30 00:00:00+00:00,26.559999465942383,26.559999465942383,26.667999267578125,26.43000030517578,26.530000686645508,84100.0,RZC,1d
2024-01-31 00:00:00+00:00,26.260000228881836,26.260000228881836,26.6299991607666,26.229999542236328,26.6299991607666,194400.0,RZC,1d
2024-02-01 00:00:00+00:00,26.299999237060547,26.299999237060547,26.350000381469727,26.110000610351562,26.329999923706055,46100.0,RZC,1d
2024-02-02 00:00:00+00:00,26.25,26.25,26.420000076293945,26.239999771118164,26.239999771118164,25900.0,RZC,1d
2024-02-05 00:00:00+00:00,26.18000030517578,26.18000030517578,26.249000549316406,26.110000610351562,26.209999084472656,24400.0,RZC,1d
2024-02-06 00:00:00+00:00,26.06999969482422,26.06999969482422,26.292999267578125,26.0,26.239999771118164,38700.0,RZC,1d
2024-02-07 00:00:00+00:00,26.110000610351562,26.110000610351562,26.170000076293945,26.010000228881836,26.1200008392334,24100.0,RZC,1d
2024-02-08 00:00:00+00:00,26.270000457763672,26.270000457763672,26.280000686645508,26.09000015258789,26.139999389648438,29300.0,RZC,1d
2024-02-09 00:00:00+00:00,26.350000381469727,26.350000381469727,26.399999618530273,26.260000228881836,26.309999465942383,76600.0,RZC,1d
2024-02-12 00:00:00+00:00,26.440000534057617,26.440000534057617,26.520000457763672,26.290000915527344,26.399999618530273,38500.0,RZC,1d
2024-02-13 00:00:00+00:00,25.899999618530273,25.899999618530273,26.34000015258789,25.860000610351562,26.270000457763672,231500.0,RZC,1d
2024-02-14 00:00:00+00:00,25.940000534057617,25.940000534057617,26.149999618530273,25.770000457763672,25.969999313354492,461300.0,RZC,1d
2024-02-15 00:00:00+00:00,26.010000228881836,26.010000228881836,26.079999923706055,25.90999984741211,25.959999084472656,77500.0,RZC,1d
2024-02-16 00:00:00+00:00,26.030000686645508,26.030000686645508,26.040000915527344,25.920000076293945,25.93000030517578,58600.0,RZC,1d
2024-02-20 00:00:00+00:00,26.110000610351562,26.110000610351562,26.110000610351562,26.0,26.030000686645508,30400.0,RZC,1d
2024-02-21 00:00:00+00:00,26.15999984741211,26.15999984741211,26.200000762939453,26.049999237060547,26.139999389648438,100600.0,RZC,1d
2024-02-22 00:00:00+00:00,26.209999084472656,26.209999084472656,26.260000228881836,26.18000030517578,26.229999542236328,17700.0,RZC,1d
2024-02-23 00:00:00+00:00,26.309999465942383,26.309999465942383,26.31999969482422,26.18000030517578,26.229999542236328,39500.0,RZC,1d
2024-02-26 00:00:00+00:00,26.280000686645508,26.280000686645508,26.34000015258789,26.209999084472656,26.31999969482422,16400.0,RZC,1d
2024-02-27 00:00:00+00:00,26.209999084472656,26.209999084472656,26.299999237060547,26.149999618530273,26.299999237060547,14700.0,RZC,1d
2024-02-28 00:00:00+00:00,26.139999389648438,26.139999389648438,26.260000228881836,26.135000228881836,26.219999313354492,21800.0,RZC,1d
2024-02-29 00:00:00+00:00,26.18000030517578,26.18000030517578,26.190000534057617,26.06999969482422,26.190000534057617,165100.0,RZC,1d
2024-03-01 00:00:00+00:00,26.18000030517578,26.18000030517578,26.200000762939453,26.030000686645508,26.139999389648438,48400.0,RZC,1d
2024-03-04 00:00:00+00:00,26.06999969482422,26.06999969482422,26.18000030517578,26.06999969482422,26.18000030517578,55900.0,RZC,1d
2024-03-05 00:00:00+00:00,25.979999542236328,25.979999542236328,26.139999389648438,25.860000610351562,26.110000610351562,146500.0,RZC,1d
2024-03-06 00:00:00+00:00,25.989999771118164,25.989999771118164,26.049999237060547,25.940000534057617,26.010000228881836,44600.0,RZC,1d
2024-03-07 00:00:00+00:00,26.100000381469727,26.100000381469727,26.139999389648438,26.020000457763672,26.059999465942383,372400.0,RZC,1d
2024-03-08 00:00:00+00:00,26.100000381469727,26.100000381469727,26.18000030517578,26.100000381469727,26.1200008392334,29600.0,RZC,1d
2024-03-11 00:00:00+00:00,26.139999389648438,26.139999389648438,26.149999618530273,26.06999969482422,26.1299991607666,38300.0,RZC,1d
2024-03-12 00:00:00+00:00,26.200000762939453,26.200000762939453,26.229999542236328,26.100000381469727,26.149999618530273,52700.0,RZC,1d
2024-03-13 00:00:00+00:00,26.200000762939453,26.200000762939453,26.25,26.170000076293945,26.219999313354492,38200.0,RZC,1d
2024-03-14 00:00:00+00:00,26.200000762939453,26.200000762939453,26.260000228881836,26.15999984741211,26.190000534057617,101400.0,RZC,1d
2024-03-15 00:00:00+00:00,26.229999542236328,26.229999542236328,26.299999237060547,26.18000030517578,26.239999771118164,30500.0,RZC,1d
2024-03-18 00:00:00+00:00,26.389999389648438,26.389999389648438,26.389999389648438,26.25,26.25,51100.0,RZC,1d
2024-03-19 00:00:00+00:00,26.420000076293945,26.420000076293945,26.43000030517578,26.389999389648438,26.389999389648438,129800.0,RZC,1d
2024-03-20 00:00:00+00:00,26.43000030517578,26.43000030517578,26.489999771118164,26.420000076293945,26.489999771118164,82500.0,RZC,1d
2024-03-21 00:00:00+00:00,26.43000030517578,26.43000030517578,26.5,26.389999389648438,26.479999542236328,51100.0,RZC,1d
2024-03-22 00:00:00+00:00,26.440000534057617,26.440000534057617,26.469999313354492,26.40999984741211,26.469999313354492,25600.0,RZC,1d
2024-03-25 00:00:00+00:00,26.399999618530273,26.399999618530273,26.440000534057617,26.360000610351562,26.440000534057617,10400.0,RZC,1d
2024-03-26 00:00:00+00:00,26.360000610351562,26.360000610351562,26.43000030517578,26.34000015258789,26.43000030517578,29100.0,RZC,1d
2024-03-27 00:00:00+00:00,26.420000076293945,26.420000076293945,26.489999771118164,26.3799991607666,26.450000762939453,36400.0,RZC,1d
2024-03-28 00:00:00+00:00,25.889999389648438,25.889999389648438,26.190000534057617,25.799999237060547,26.110000610351562,135500.0,RZC,1d
2024-04-01 00:00:00+00:00,26.040000915527344,26.040000915527344,26.142000198364258,25.829999923706055,25.959999084472656,62100.0,RZC,1d
2024-04-02 00:00:00+00:00,25.90999984741211,25.90999984741211,25.989999771118164,25.860000610351562,25.940000534057617,25300.0,RZC,1d
2024-04-03 00:00:00+00:00,25.950000762939453,25.950000762939453,25.999000549316406,25.85099983215332,25.920000076293945,26700.0,RZC,1d
2024-04-04 00:00:00+00:00,26.0,26.0,26.100000381469727,25.959999084472656,26.030000686645508,19600.0,RZC,1d
2024-04-05 00:00:00+00:00,26.040000915527344,26.040000915527344,26.040000915527344,25.96500015258789,26.020000457763672,16500.0,RZC,1d
2024-04-08 00:00:00+00:00,26.040000915527344,26.040000915527344,26.049999237060547,25.961999893188477,26.049999237060547,14000.0,RZC,1d
2024-04-09 00:00:00+00:00,25.959999084472656,25.959999084472656,26.110000610351562,25.959999084472656,26.049999237060547,11200.0,RZC,1d
2024-04-10 00:00:00+00:00,26.040000915527344,26.040000915527344,26.049999237060547,25.889999389648438,25.959999084472656,43600.0,RZC,1d
2024-04-11 00:00:00+00:00,26.149999618530273,26.149999618530273,26.190000534057617,26.0,26.049999237060547,60100.0,RZC,1d
2024-04-12 00:00:00+00:00,26.219999313354492,26.219999313354492,26.280000686645508,26.104999542236328,26.200000762939453,25100.0,RZC,1d
2024-04-15 00:00:00+00:00,26.170000076293945,26.170000076293945,26.219999313354492,26.100000381469727,26.219999313354492,49100.0,RZC,1d
2024-04-16 00:00:00+00:00,26.200000762939453,26.200000762939453,26.299999237060547,26.139999389648438,26.149999618530273,25200.0,RZC,1d
2024-04-17 00:00:00+00:00,26.31999969482422,26.31999969482422,26.389999389648438,26.260000228881836,26.31999969482422,22600.0,RZC,1d
2024-04-18 00:00:00+00:00,26.079999923706055,26.079999923706055,26.389999389648438,26.079999923706055,26.3700008392334,38000.0,RZC,1d
2024-04-19 00:00:00+00:00,26.040000915527344,26.040000915527344,26.114999771118164,26.030000686645508,26.059999465942383,35000.0,RZC,1d
2024-04-22 00:00:00+00:00,26.049999237060547,26.049999237060547,26.190000534057617,26.020000457763672,26.110000610351562,34300.0,RZC,1d
2024-04-23 00:00:00+00:00,26.059999465942383,26.059999465942383,26.235000610351562,26.040000915527344,26.06999969482422,124400.0,RZC,1d
2024-04-24 00:00:00+00:00,25.969999313354492,25.969999313354492,26.075000762939453,25.93000030517578,26.059999465942383,14100.0,RZC,1d
2024-04-25 00:00:00+00:00,25.8700008392334,25.8700008392334,25.940000534057617,25.790000915527344,25.889999389648438,16200.0,RZC,1d
2024-04-26 00:00:00+00:00,25.889999389648438,25.889999389648438,26.0,25.885000228881836,25.90999984741211,16800.0,RZC,1d
2024-04-29 00:00:00+00:00,26.049999237060547,26.049999237060547,26.06999969482422,25.84000015258789,25.940000534057617,28800.0,RZC,1d
2024-04-30 00:00:00+00:00,26.190000534057617,26.190000534057617,26.350000381469727,25.902000427246094,26.059999465942383,250800.0,RZC,1d
2024-05-01 00:00:00+00:00,26.1299991607666,26.1299991607666,26.329999923706055,26.1299991607666,26.200000762939453,58700.0,RZC,1d
2024-05-02 00:00:00+00:00,26.190000534057617,26.190000534057617,26.216999053955078,26.110000610351562,26.200000762939453,41800.0,RZC,1d
2024-05-03 00:00:00+00:00,26.389999389648438,26.389999389648438,26.40999984741211,26.280000686645508,26.290000915527344,14200.0,RZC,1d
2024-05-06 00:00:00+00:00,26.3700008392334,26.3700008392334,26.459999084472656,26.329999923706055,26.450000762939453,29800.0,RZC,1d
2024-05-07 00:00:00+00:00,26.239999771118164,26.239999771118164,26.4950008392334,26.15999984741211,26.489999771118164,37400.0,RZC,1d
2024-05-08 00:00:00+00:00,26.149999618530273,26.149999618530273,26.280000686645508,26.079999923706055,26.270000457763672,20200.0,RZC,1d
2024-05-09 00:00:00+00:00,26.149999618530273,26.149999618530273,26.219999313354492,26.100000381469727,26.219999313354492,14700.0,RZC,1d
2024-05-10 00:00:00+00:00,26.18000030517578,26.18000030517578,26.239999771118164,26.110000610351562,26.239999771118164,20800.0,RZC,1d
2024-05-13 00:00:00+00:00,26.170000076293945,26.170000076293945,26.299999237060547,26.139999389648438,26.239999771118164,17100.0,RZC,1d
2024-05-14 00:00:00+00:00,26.170000076293945,26.170000076293945,26.360000610351562,26.110000610351562,26.270000457763672,18700.0,RZC,1d
2024-05-15 00:00:00+00:00,26.31999969482422,26.31999969482422,26.389999389648438,26.229999542236328,26.270000457763672,19100.0,RZC,1d
2024-05-16 00:00:00+00:00,26.200000762939453,26.200000762939453,26.360000610351562,26.1200008392334,26.360000610351562,29900.0,RZC,1d
2024-05-17 00:00:00+00:00,26.280000686645508,26.280000686645508,26.299999237060547,26.195999145507812,26.25,16700.0,RZC,1d
2024-05-20 00:00:00+00:00,26.329999923706055,26.329999923706055,26.329999923706055,26.209999084472656,26.280000686645508,13600.0,RZC,1d
2024-05-21 00:00:00+00:00,26.149999618530273,26.149999618530273,26.3700008392334,26.110000610351562,26.3700008392334,56200.0,RZC,1d
2024-05-22 00:00:00+00:00,26.09000015258789,26.09000015258789,26.149999618530273,26.030000686645508,26.149999618530273,21600.0,RZC,1d
2024-05-23 00:00:00+00:00,26.010000228881836,26.010000228881836,26.1200008392334,25.920000076293945,26.1200008392334,76000.0,RZC,1d
2024-05-24 00:00:00+00:00,26.020000457763672,26.020000457763672,26.09000015258789,25.969999313354492,26.030000686645508,20800.0,RZC,1d
2024-05-28 00:00:00+00:00,25.989999771118164,25.989999771118164,26.049999237060547,25.920000076293945,26.049999237060547,26300.0,RZC,1d
2024-05-29 00:00:00+00:00,25.940000534057617,25.940000534057617,25.979999542236328,25.860000610351562,25.959999084472656,21700.0,RZC,1d
2024-05-30 00:00:00+00:00,25.959999084472656,25.959999084472656,26.040000915527344,25.8799991607666,25.959999084472656,47400.0,RZC,1d
2024-05-31 00:00:00+00:00,26.110000610351562,26.110000610351562,26.239999771118164,25.940000534057617,25.989999771118164,142000.0,RZC,1d
2024-06-03 00:00:00+00:00,26.239999771118164,26.239999771118164,26.239999771118164,26.149999618530273,26.18000030517578,23700.0,RZC,1d
2024-06-04 00:00:00+00:00,26.290000915527344,26.290000915527344,26.309999465942383,26.15999984741211,26.25,21000.0,RZC,1d
2024-06-05 00:00:00+00:00,26.270000457763672,26.270000457763672,26.360000610351562,26.149999618530273,26.360000610351562,26200.0,RZC,1d
2024-06-06 00:00:00+00:00,26.34000015258789,26.34000015258789,26.350000381469727,26.25,26.299999237060547,18700.0,RZC,1d
2024-06-07 00:00:00+00:00,26.309999465942383,26.309999465942383,26.34000015258789,26.235000610351562,26.299999237060547,13000.0,RZC,1d
2024-06-10 00:00:00+00:00,26.200000762939453,26.200000762939453,26.360000610351562,26.149999618530273,26.360000610351562,17300.0,RZC,1d
2024-06-11 00:00:00+00:00,26.100000381469727,26.100000381469727,26.270000457763672,26.09000015258789,26.25,22600.0,RZC,1d
2024-06-12 00:00:00+00:00,26.100000381469727,26.100000381469727,26.260000228881836,26.09000015258789,26.200000762939453,45600.0,RZC,1d
2024-06-13 00:00:00+00:00,26.049999237060547,26.049999237060547,26.15999984741211,26.030000686645508,26.15999984741211,17400.0,RZC,1d
2024-06-14 00:00:00+00:00,26.059999465942383,26.059999465942383,26.170000076293945,26.038000106811523,26.100000381469727,22700.0,RZC,1d
2024-06-17 00:00:00+00:00,26.209999084472656,26.209999084472656,26.239999771118164,25.979999542236328,26.100000381469727,31000.0,RZC,1d
2024-06-18 00:00:00+00:00,26.229999542236328,26.229999542236328,26.309999465942383,26.139999389648438,26.290000915527344,26300.0,RZC,1d
2024-06-20 00:00:00+00:00,26.239999771118164,26.239999771118164,26.270000457763672,26.06999969482422,26.209999084472656,35800.0,RZC,1d
2024-06-21 00:00:00+00:00,26.1200008392334,26.1200008392334,26.260000228881836,26.1200008392334,26.260000228881836,148500.0,RZC,1d
2024-06-24 00:00:00+00:00,26.190000534057617,26.190000534057617,26.25,26.170000076293945,26.190000534057617,21400.0,RZC,1d
2024-06-25 00:00:00+00:00,26.25,26.25,26.260000228881836,26.16699981689453,26.25,31200.0,RZC,1d
2024-06-26 00:00:00+00:00,26.239999771118164,26.239999771118164,26.270000457763672,26.200000762939453,26.270000457763672,54300.0,RZC,1d
2024-06-27 00:00:00+00:00,26.309999465942383,26.309999465942383,26.350000381469727,26.270000457763672,26.280000686645508,22300.0,RZC,1d
2024-06-28 00:00:00+00:00,26.1200008392334,26.1200008392334,26.350000381469727,26.110000610351562,26.329999923706055,102700.0,RZC,1d
2024-07-01 00:00:00+00:00,25.790000915527344,25.790000915527344,25.84000015258789,25.719999313354492,25.790000915527344,53900.0,RZC,1d
2024-07-02 00:00:00+00:00,25.90999984741211,25.90999984741211,25.920000076293945,25.799999237060547,25.860000610351562,26300.0,RZC,1d
2024-07-03 00:00:00+00:00,26.059999465942383,26.059999465942383,26.059999465942383,25.881999969482422,25.93000030517578,38100.0,RZC,1d
2024-07-05 00:00:00+00:00,26.040000915527344,26.040000915527344,26.06999969482422,26.0,26.049999237060547,15900.0,RZC,1d
2024-07-08 00:00:00+00:00,26.010000228881836,26.010000228881836,26.059999465942383,25.950000762939453,26.040000915527344,30700.0,RZC,1d
2024-07-09 00:00:00+00:00,25.969999313354492,25.969999313354492,26.030000686645508,25.93000030517578,26.030000686645508,34500.0,RZC,1d
2024-07-10 00:00:00+00:00,26.06999969482422,26.06999969482422,26.100000381469727,25.959999084472656,25.969999313354492,19200.0,RZC,1d
2024-07-11 00:00:00+00:00,26.100000381469727,26.100000381469727,26.190000534057617,26.06100082397461,26.1200008392334,26400.0,RZC,1d
2024-07-12 00:00:00+00:00,26.06999969482422,26.06999969482422,26.190000534057617,26.020000457763672,26.170000076293945,28200.0,RZC,1d
2024-07-15 00:00:00+00:00,26.049999237060547,26.049999237060547,26.200000762939453,26.0049991607666,26.020000457763672,17800.0,RZC,1d
2024-07-16 00:00:00+00:00,26.010000228881836,26.010000228881836,26.059999465942383,25.989999771118164,26.030000686645508,25900.0,RZC,1d
2024-07-17 00:00:00+00:00,26.020000457763672,26.020000457763672,26.040000915527344,25.975000381469727,25.989999771118164,22300.0,RZC,1d
2024-07-18 00:00:00+00:00,25.969999313354492,25.969999313354492,26.06999969482422,25.917999267578125,26.06999969482422,15700.0,RZC,1d
2024-07-19 00:00:00+00:00,26.020000457763672,26.020000457763672,26.049999237060547,25.989999771118164,26.030000686645508,12500.0,RZC,1d
2024-07-22 00:00:00+00:00,25.989999771118164,25.989999771118164,26.100000381469727,25.969999313354492,26.09000015258789,22200.0,RZC,1d
2024-07-23 00:00:00+00:00,25.8799991607666,25.8799991607666,26.059999465942383,25.8799991607666,25.989999771118164,71100.0,RZC,1d
2024-07-24 00:00:00+00:00,25.780000686645508,25.780000686645508,25.90999984741211,25.770000457763672,25.90999984741211,96200.0,RZC,1d
2024-07-25 00:00:00+00:00,25.860000610351562,25.860000610351562,25.979999542236328,25.850000381469727,25.850000381469727,32500.0,RZC,1d
2024-07-26 00:00:00+00:00,25.920000076293945,25.920000076293945,25.950000762939453,25.81999969482422,25.90999984741211,26100.0,RZC,1d
2024-07-29 00:00:00+00:00,25.8799991607666,25.8799991607666,25.959999084472656,25.829999923706055,25.959999084472656,18500.0,RZC,1d
2024-07-30 00:00:00+00:00,25.860000610351562,25.860000610351562,25.920000076293945,25.81999969482422,25.920000076293945,16100.0,RZC,1d
2024-07-31 00:00:00+00:00,25.84000015258789,25.84000015258789,25.920000076293945,25.760000228881836,25.899999618530273,96400.0,RZC,1d
2024-08-01 00:00:00+00:00,25.899999618530273,25.899999618530273,25.920000076293945,25.8700008392334,25.90999984741211,49300.0,RZC,1d
2024-08-02 00:00:00+00:00,25.829999923706055,25.829999923706055,25.899999618530273,25.770000457763672,25.8700008392334,25300.0,RZC,1d
2024-08-05 00:00:00+00:00,25.670000076293945,25.670000076293945,25.770000457763672,25.280000686645508,25.6299991607666,32600.0,RZC,1d
2024-08-06 00:00:00+00:00,25.799999237060547,25.799999237060547,25.8700008392334,25.719999313354492,25.75,30200.0,RZC,1d
2024-08-07 00:00:00+00:00,25.84000015258789,25.84000015258789,25.950000762939453,25.760000228881836,25.940000534057617,21700.0,RZC,1d
2024-08-08 00:00:00+00:00,25.959999084472656,25.959999084472656,26.0,25.889999389648438,25.950000762939453,27000.0,RZC,1d
2024-08-09 00:00:00+00:00,25.959999084472656,25.959999084472656,26.030000686645508,25.940000534057617,26.020000457763672,12900.0,RZC,1d
2024-08-12 00:00:00+00:00,25.989999771118164,25.989999771118164,26.014999389648438,25.969999313354492,26.0,12500.0,RZC,1d
2024-08-13 00:00:00+00:00,26.059999465942383,26.059999465942383,26.06999969482422,26.040000915527344,26.040000915527344,14400.0,RZC,1d
2024-08-14 00:00:00+00:00,26.1299991607666,26.1299991607666,26.1299991607666,26.054000854492188,26.1200008392334,33900.0,RZC,1d
2024-08-15 00:00:00+00:00,26.138999938964844,26.138999938964844,26.139999389648438,25.990999221801758,26.1299991607666,33400.0,RZC,1d
2024-08-16 00:00:00+00:00,26.15999984741211,26.15999984741211,26.229999542236328,26.149999618530273,26.200000762939453,14600.0,RZC,1d
2024-08-19 00:00:00+00:00,26.18000030517578,26.18000030517578,26.190000534057617,26.100000381469727,26.18000030517578,28800.0,RZC,1d
2024-08-20 00:00:00+00:00,26.239999771118164,26.239999771118164,26.239999771118164,26.1299991607666,26.200000762939453,14600.0,RZC,1d
2024-08-21 00:00:00+00:00,26.360000610351562,26.360000610351562,26.399999618530273,26.299999237060547,26.299999237060547,22700.0,RZC,1d
2024-08-22 00:00:00+00:00,26.350000381469727,26.350000381469727,26.40999984741211,26.329999923706055,26.40999984741211,15800.0,RZC,1d
2024-08-23 00:00:00+00:00,26.399999618530273,26.399999618530273,26.420000076293945,26.350000381469727,26.420000076293945,40500.0,RZC,1d
2024-08-26 00:00:00+00:00,26.40999984741211,26.40999984741211,26.479999542236328,26.399999618530273,26.459999084472656,20800.0,RZC,1d
2024-08-27 00:00:00+00:00,26.25,26.25,26.420000076293945,26.25,26.420000076293945,31900.0,RZC,1d
2024-08-28 00:00:00+00:00,26.059999465942383,26.059999465942383,26.31999969482422,25.989999771118164,26.31999969482422,96800.0,RZC,1d
2024-08-29 00:00:00+00:00,26.110000610351562,26.110000610351562,26.1299991607666,26.059999465942383,26.079999923706055,26400.0,RZC,1d
2024-08-30 00:00:00+00:00,26.059999465942383,26.059999465942383,26.149999618530273,25.959999084472656,26.1299991607666,102400.0,RZC,1d
2024-09-03 00:00:00+00:00,26.059999465942383,26.059999465942383,26.100000381469727,26.010000228881836,26.100000381469727,37900.0,RZC,1d
2024-09-04 00:00:00+00:00,26.15999984741211,26.15999984741211,26.190000534057617,26.06999969482422,26.09000015258789,26600.0,RZC,1d
2024-09-05 00:00:00+00:00,26.200000762939453,26.200000762939453,26.219999313354492,26.1299991607666,26.15999984741211,17800.0,RZC,1d
2024-09-06 00:00:00+00:00,26.15999984741211,26.15999984741211,26.290000915527344,26.1200008392334,26.239999771118164,21400.0,RZC,1d
2024-09-09 00:00:00+00:00,26.270000457763672,26.270000457763672,26.270000457763672,26.15999984741211,26.18000030517578,26300.0,RZC,1d
2024-09-10 00:00:00+00:00,26.290000915527344,26.290000915527344,26.309999465942383,26.219999313354492,26.309999465942383,43400.0,RZC,1d
2024-09-11 00:00:00+00:00,26.299999237060547,26.299999237060547,26.350000381469727,26.25,26.329999923706055,35200.0,RZC,1d
2024-09-12 00:00:00+00:00,26.469999313354492,26.469999313354492,26.469999313354492,26.31999969482422,26.350000381469727,28000.0,RZC,1d
2024-09-13 00:00:00+00:00,26.579999923706055,26.579999923706055,26.59000015258789,26.440000534057617,26.56999969482422,68800.0,RZC,1d
2024-09-16 00:00:00+00:00,26.729999542236328,26.729999542236328,26.729999542236328,26.6200008392334,26.6299991607666,44600.0,RZC,1d
2024-09-17 00:00:00+00:00,26.989999771118164,26.989999771118164,27.020000457763672,26.790000915527344,26.84000015258789,22900.0,RZC,1d
2024-09-18 00:00:00+00:00,27.1299991607666,27.1299991607666,27.280000686645508,27.037500381469727,27.059999465942383,46703.0,RZC,1d
